scenario,group,value,reps,excluded_reps,estimator,msgs_s,msgs_s_low,msgs_s_high,committed_s,committed_s_low,committed_s_high,reads_s,reads_s_low,reads_s_high,cpu_cores,cpu_cores_low,cpu_cores_high,mem_mb,mem_mb_low,mem_mb_high,req_p50,req_p50_low,req_p50_high,req_p95,req_p95_low,req_p95_high,req_p99,req_p99_low,req_p99_high,req_p999,req_p999_low,req_p999_high,e2e_p50,e2e_p50_low,e2e_p50_high,e2e_p95,e2e_p95_low,e2e_p95_high,e2e_p99,e2e_p99_low,e2e_p99_high,e2e_p999,e2e_p999_low,e2e_p999_high,db_p50,db_p50_low,db_p50_high,db_p95,db_p95_low,db_p95_high,db_p99,db_p99_low,db_p99_high,db_p999,db_p999_low,db_p999_high,read_p50,read_p50_low,read_p50_high,read_p95,read_p95_low,read_p95_high,read_p99,read_p99_low,read_p99_high,read_p999,read_p999_low,read_p999_high,req_mean,req_mean_low,req_mean_high,e2e_mean,e2e_mean_low,e2e_mean_high,db_mean,db_mean_low,db_mean_high,read_mean,read_mean_low,read_mean_high
batching_off.env,batching,off,3,0,pooled,20000.6838,19998.9484,20002.4192,405.7792,357.0894,454.4691,0.0000,0.0000,0.0000,9.6152,9.3512,9.8792,6452.6761,6422.4054,6482.9468,1.6345,1.4423,1.7421,7.1710,7.0258,7.2564,11.5542,11.2294,11.8145,18.1727,16.8487,19.0802,40000.0000,40000.0000,40000.0000,58000.0000,58000.0000,58000.0000,59600.0000,59600.0000,59600.0000,59960.0000,59960.0000,59960.0000,40000.0000,40000.0000,40000.0000,58000.0000,58000.0000,58000.0000,59600.0000,59600.0000,59600.0000,59960.0000,59960.0000,59960.0000,,,,,,,,,,,,,2.3788,2.3788,2.3788,40419.7296,40419.7296,40419.7296,40421.5958,40421.5958,40421.5958,,,
batching_on.env,batching,on,3,0,pooled,19999.8559,19999.7937,19999.9181,19998.4432,19997.7135,19999.1730,0.0000,0.0000,0.0000,5.4698,5.4420,5.4976,3169.1125,3167.2652,3170.9598,0.2824,0.2751,0.2887,0.9224,0.9045,0.9391,1.3116,1.2627,1.3298,1.4950,1.4936,1.4977,39.6733,39.4249,40.0860,72.3243,72.1068,72.5156,99.2770,91.9358,116.8291,277.3319,257.4760,291.7420,39.3040,39.0511,39.7097,72.1820,71.9589,72.3797,99.0300,91.0603,116.2254,276.9386,257.2708,291.0288,,,,,,,,,,,,,0.3770,0.3770,0.3770,40.8432,40.8432,40.8432,40.4664,40.4664,40.4664,,,
batchsize_020.env,batchsize,020,3,0,pooled,19999.9246,19999.8485,20000.0007,18895.4212,18789.6579,19001.1846,0.0000,0.0000,0.0000,5.9646,5.8445,6.0847,3198.3045,3184.5885,3212.0204,0.4112,0.2941,0.4681,1.0011,0.9383,1.1398,1.4334,1.3608,1.4731,1.9193,1.8297,1.9637,566.5277,200.3186,775.5744,4393.2782,3776.6654,4518.2191,4878.6556,4755.3331,4903.6438,4987.8656,4975.5333,4990.3644,565.9470,199.6798,775.2723,4392.9308,3774.9437,4517.9789,4878.5862,4754.9887,4903.5958,4987.8586,4975.4989,4990.3596,,,,,,,,,,,,,0.4745,0.4745,0.4745,1205.7303,1205.7303,1205.7303,1205.2586,1205.2586,1205.2586,,,
batchsize_050.env,batchsize,050,3,0,pooled,20000.0122,19999.8466,20000.1778,19992.9029,19985.2278,20000.5780,0.0000,0.0000,0.0000,5.4665,5.3582,5.5749,3167.3395,3163.6039,3171.0752,0.2837,0.2775,0.2913,0.9585,0.9331,0.9701,1.3741,1.3463,1.3873,1.7475,1.7155,1.7744,39.7815,39.5259,40.2490,72.0107,71.8895,72.2550,89.2920,82.5527,97.5155,249.0278,120.9020,270.9466,39.4042,39.1537,39.8667,71.8540,71.7245,72.1051,88.2512,80.8645,97.1551,248.6654,119.9850,270.7004,,,,,,,,,,,,,0.3858,0.3858,0.3858,40.4438,40.4438,40.4438,40.0583,40.0583,40.0583,,,
batchsize_100.env,batchsize,100,3,0,pooled,20000.1654,20000.0813,20000.2496,20003.6630,19998.4827,20008.8433,0.0000,0.0000,0.0000,5.2205,5.0837,5.3574,3214.1254,3202.9259,3225.3249,0.3361,0.2778,0.4544,0.9560,0.9131,0.9802,1.3723,1.3392,1.3855,1.7784,1.5972,1.8778,66.5964,61.3567,76.7063,136.8021,127.9519,144.1376,149.2047,145.5904,233.1274,314.4487,149.5590,371.4829,66.1949,60.8685,76.3512,136.4426,126.9312,144.0359,149.1760,145.3862,232.7085,313.7518,149.5386,371.2506,,,,,,,,,,,,,0.4153,0.4153,0.4153,67.4583,67.4583,67.4583,67.0434,67.0434,67.0434,,,
batchsize_200.env,batchsize,200,3,0,pooled,20000.1471,19999.6762,20000.6180,19999.8669,19999.7360,19999.9978,0.0000,0.0000,0.0000,4.6673,4.5781,4.7565,3415.8942,3407.0916,3424.6969,0.3645,0.2613,0.4151,0.9883,0.9436,1.1014,1.4047,1.3726,1.4387,1.7980,1.4965,1.9180,112.2036,111.6198,112.6610,218.2963,214.1013,221.3724,283.9863,283.1533,284.7094,298.7665,298.6425,298.9602,111.7627,111.1314,112.3028,215.0655,209.9662,218.9954,283.3421,282.3212,284.2384,298.7043,298.5828,298.9181,,,,,,,,,,,,,0.4467,0.4467,0.4467,112.2355,112.2355,112.2355,111.7890,111.7890,111.7890,,,
batchsize_500.env,batchsize,500,3,0,pooled,19999.7570,19999.3842,20000.1298,19996.4255,19993.5851,19999.2659,0.0000,0.0000,0.0000,4.7773,4.5410,5.0135,3509.4778,3508.5944,3510.3611,0.3131,0.2733,0.4043,0.9700,0.9376,1.0332,1.3810,1.3316,1.4208,1.6336,1.4962,1.7499,113.2801,112.4597,114.3105,227.7838,223.2940,232.7243,285.9746,285.1046,286.8926,299.0676,299.0120,299.1082,112.8784,111.9838,113.9422,225.5275,220.2732,230.9417,285.5318,284.5096,286.5443,299.0327,298.9629,299.0766,,,,,,,,,,,,,0.4104,0.4104,0.4104,113.3299,113.3299,113.3299,112.9193,112.9193,112.9193,,,
batchto_0050.env,batchto,0050,3,0,pooled,19999.9945,19999.7356,20000.2534,19998.2937,19997.9919,19998.5954,0.0000,0.0000,0.0000,5.2034,4.9437,5.4631,3243.9455,3231.2062,3256.6848,0.3955,0.2894,0.4498,0.9836,0.9724,1.0117,1.4136,1.3683,1.4412,1.8686,1.4949,1.9410,48.7120,48.5181,48.8691,81.6093,80.4927,82.8997,144.3410,141.4404,147.2744,292.9260,285.1228,325.9406,48.2543,48.0230,48.4786,80.2420,78.8551,81.8882,144.0500,141.0144,147.0132,292.6515,284.8814,324.5962,,,,,,,,,,,,,0.4564,0.4564,0.4564,50.5834,50.5834,50.5834,50.1271,50.1271,50.1271,,,
batchto_0200.env,batchto,0200,3,0,pooled,20000.0049,19999.8585,20000.1513,19995.2534,19991.8957,19998.6110,0.0000,0.0000,0.0000,5.4401,5.4044,5.4758,3162.5667,3151.3786,3173.7548,0.2789,0.2749,0.2811,0.9510,0.9171,0.9704,1.3646,1.2868,1.3946,1.6586,1.4865,1.8072,41.2870,40.3696,41.7831,73.1203,72.6521,73.4477,119.8020,99.0670,143.8834,294.1867,281.7189,309.9564,40.9150,40.0042,41.4067,72.9801,72.5168,73.3045,119.0689,98.8520,143.4992,293.9184,281.4293,309.2313,,,,,,,,,,,,,0.3801,0.3801,0.3801,42.8281,42.8281,42.8281,42.4482,42.4482,42.4482,,,
batchto_0500.env,batchto,0500,3,0,pooled,19999.8352,19999.6878,19999.9826,20000.0000,20000.0000,20000.0000,0.0000,0.0000,0.0000,5.4910,5.4216,5.5604,3153.3668,3142.2120,3164.5215,0.2870,0.2840,0.2888,0.9820,0.9481,1.0686,1.4049,1.3654,1.4293,1.7999,1.7200,1.8390,37.2386,36.6534,37.7293,70.9583,70.1594,71.3636,83.1866,74.5348,94.4588,250.2392,127.6395,274.1485,36.8644,36.2786,37.3519,70.7939,69.9758,71.2095,82.3418,74.5041,94.0528,249.8198,127.1266,273.7088,,,,,,,,,,,,,0.3926,0.3926,0.3926,37.9787,37.9787,37.9787,37.5863,37.5863,37.5863,,,
batchto_1000.env,batchto,1000,3,0,pooled,20000.1084,19999.9418,20000.2749,19995.4060,19988.9091,20001.9029,0.0000,0.0000,0.0000,5.5149,5.2618,5.7681,3153.0596,3147.5629,3158.5563,0.3481,0.2887,0.4372,1.0587,0.9664,1.2144,1.4380,1.3965,1.4659,1.9105,1.7752,1.9651,36.7581,36.2440,37.1492,70.6109,70.0744,70.9214,75.6949,74.6315,89.7957,260.3508,247.9518,266.7051,36.3448,35.8784,36.7738,70.4207,69.8804,70.7098,74.9915,74.6050,89.1122,259.9691,247.4496,266.2717,,,,,,,,,,,,,0.4355,0.4355,0.4355,37.5721,37.5721,37.5721,37.1368,37.1368,37.1368,,,
load_p04.env,load,p04,3,0,pooled,3999.9747,3999.8339,4000.1154,4000.2063,3999.3983,4001.0144,0.0000,0.0000,0.0000,1.1740,1.1283,1.2197,1544.6591,1539.6194,1549.6987,0.4610,0.2253,1.5853,3.7190,3.5936,3.7638,3.9439,3.9187,3.9530,3.9945,3.9919,3.9956,116.2369,109.5167,125.6380,244.8523,211.1665,264.2120,289.4085,282.2333,293.7226,299.4336,298.2233,335.5238,115.0524,108.6185,124.6739,240.9415,203.6953,262.9673,288.6561,280.7391,293.5016,299.3918,298.0739,335.3290,,,,,,,,,,,,,1.2021,1.2021,1.2021,116.3021,116.3021,116.3021,115.1019,115.1019,115.1019,,,
load_p08.env,load,p08,3,0,pooled,7999.9905,7999.9554,8000.0257,8000.0000,8000.0000,8000.0000,0.0000,0.0000,0.0000,2.1169,2.0579,2.1758,1955.2151,1943.4196,1967.0107,0.3450,0.1986,0.8189,2.4158,1.9676,2.5774,2.8835,2.7877,2.9158,2.9888,2.9790,2.9920,78.0351,72.9317,87.3046,143.7367,141.1742,147.3957,154.2396,148.2425,198.7824,348.7473,149.8329,435.6653,77.3493,72.3816,86.7558,143.5344,141.0295,147.1177,149.9960,148.2125,198.6099,348.3825,149.8287,435.4396,,,,,,,,,,,,,0.6907,0.6907,0.6907,78.6130,78.6130,78.6130,77.9230,77.9230,77.9230,,,
load_p16.env,load,p16,3,0,pooled,16000.0250,15999.9514,16000.0987,15997.8632,15994.8414,16000.8851,0.0000,0.0000,0.0000,4.2567,4.1554,4.3581,2770.4213,2764.3654,2776.4772,0.3171,0.2611,0.5209,1.2063,1.0000,1.3065,1.4603,1.4059,1.4816,1.8832,1.4972,1.9291,43.3421,41.6998,45.3421,73.7785,72.0878,80.5623,94.5240,74.8721,99.6706,217.7969,101.7979,295.5704,42.8909,41.1341,44.9507,73.6249,71.9388,79.4594,94.0853,74.7830,99.5936,217.3182,100.6958,294.8788,,,,,,,,,,,,,0.4558,0.4558,0.4558,43.7138,43.7138,43.7138,43.2581,43.2581,43.2581,,,
load_p20.env,load,p20,3,0,pooled,19999.9505,19999.7563,20000.1448,19979.8077,19965.4286,19994.1868,0.0000,0.0000,0.0000,5.3192,5.1546,5.4839,3172.0644,3169.0413,3175.0875,0.3330,0.2764,0.4387,0.9510,0.9176,0.9717,1.3489,1.3056,1.3653,1.4953,1.4891,1.4983,39.3428,37.2293,40.4244,71.9508,71.2006,72.4616,92.4803,85.9824,99.0005,272.7044,231.3732,296.0489,38.9297,36.7503,40.0448,71.7867,71.0107,72.2997,91.6488,84.5579,98.6124,272.4262,231.2037,295.7621,,,,,,,,,,,,,0.4167,0.4167,0.4167,40.2580,40.2580,40.2580,39.8415,39.8415,39.8415,,,
load_p32.env,load,p32,3,0,pooled,32000.0708,31999.9001,32000.2415,31980.2808,31947.4749,32013.0868,0.0000,0.0000,0.0000,8.0201,7.8675,8.1726,4385.8522,4365.8791,4405.8252,0.3548,0.2724,0.4204,0.9559,0.8947,0.9903,1.5494,1.4857,1.6816,2.9707,2.9248,2.9916,40.8164,39.0641,42.4238,130.4431,111.2015,147.8223,257.0908,228.2327,274.1911,308.5734,292.8334,369.5226,40.3305,38.5681,42.0603,129.8378,110.2774,147.5338,256.7696,227.7525,273.9810,307.9154,292.7786,369.3130,,,,,,,,,,,,,0.4298,0.4298,0.4298,50.3599,50.3599,50.3599,49.9301,49.9301,49.9301,,,
load_p48.env,load,p48,3,0,pooled,48002.5962,48001.7418,48003.4505,34730.7354,34707.0447,34754.4261,0.0000,0.0000,0.0000,9.4726,9.4500,9.4952,6603.8205,6575.9572,6631.6838,1.5825,1.4644,1.7407,7.4252,7.1537,7.9231,14.1148,13.6271,14.6006,28.2051,26.4448,30.3881,11309.7657,10959.5820,11523.6640,19345.0105,19175.2264,19627.6693,29966.4570,19905.5059,46359.8473,56996.6457,51708.5107,58635.9847,11307.2955,10957.0826,11521.0774,19343.0914,19173.9834,19624.2421,29727.9074,19904.3746,46269.7316,56972.7907,51602.0310,58626.9732,,,,,,,,,,,,,2.4482,2.4482,2.4482,11375.7080,11375.7080,11375.7080,11373.2451,11373.2451,11373.2451,,,
payload_0.env,payload,0,3,0,pooled,20000.0046,19999.8197,20000.1894,19990.3236,19984.6026,19996.0445,0.0000,0.0000,0.0000,5.1871,5.0991,5.2751,3173.7342,3168.5783,3178.8900,0.3789,0.2761,0.4427,0.9814,0.9183,1.1008,1.4149,1.2969,1.4548,1.9852,1.4854,2.5992,37.5172,36.7900,38.4158,71.1065,70.7316,71.4262,84.9368,74.9828,99.9425,267.9735,127.5991,304.9847,37.0718,36.2998,38.0559,70.9170,70.5106,71.2367,83.8505,74.9261,99.6741,267.3323,127.1199,302.1350,,,,,,,,,,,,,0.4538,0.4538,0.4538,38.3374,38.3374,38.3374,37.8837,37.8837,37.8837,,,
payload_10kb.env,payload,10kb,3,0,pooled,11685.6600,11645.5808,11725.7391,11681.7766,11642.5858,11720.9673,0.0000,0.0000,0.0000,6.6614,6.5075,6.8152,3249.8682,3249.2353,3250.5011,301.8635,276.5235,332.2682,568.5601,498.5498,652.4684,736.6483,695.9525,877.3617,963.3576,744.5953,987.7362,374.3106,343.8008,392.9521,700.9817,684.0282,726.9866,769.0684,736.8056,922.6929,976.9068,748.6806,992.2693,55.2863,54.1469,56.7691,97.1617,96.5500,98.1613,127.6603,120.5454,134.0333,148.3179,147.1962,149.2568,,,,,,,,,,,,,331.2182,331.2182,331.2182,386.7241,386.7241,386.7241,55.5073,55.5073,55.5073,,,
payload_1kb.env,payload,1kb,3,0,pooled,19999.9518,19999.8505,20000.0530,19991.1020,19982.3037,19999.9002,0.0000,0.0000,0.0000,6.3597,6.1675,6.5519,3168.4334,3164.0080,3172.8588,0.1925,0.1866,0.2074,0.4747,0.4314,0.4998,0.7826,0.7428,0.8613,1.4835,1.4008,1.5904,42.4413,38.4588,48.2430,74.1282,71.7402,93.3923,176.5488,94.3245,257.9542,348.4198,274.1810,380.3368,42.2277,38.2542,48.0318,74.0738,71.6486,93.1291,176.2963,94.0204,257.7206,348.1382,274.0977,380.1857,,,,,,,,,,,,,0.2274,0.2274,0.2274,45.0905,45.0905,45.0905,44.8631,44.8631,44.8631,,,
payload_256b.env,payload,256b,3,0,pooled,20000.0699,19999.8961,20000.2437,19994.4444,19987.3816,20001.5072,0.0000,0.0000,0.0000,6.1228,5.9981,6.2475,3173.5620,3166.4506,3180.6734,0.1764,0.1650,0.1868,0.4074,0.3487,0.4824,0.7011,0.6283,0.7336,1.2723,1.1083,1.3569,39.6461,38.3981,40.5882,71.9812,71.5491,72.6638,91.6982,79.3053,103.5727,261.2549,128.2682,295.7878,39.4503,38.2221,40.3820,71.9079,71.4773,72.5865,91.3293,78.6239,103.1107,261.1104,127.9140,295.5810,,,,,,,,,,,,,0.2019,0.2019,0.2019,40.4621,40.4621,40.4621,40.2603,40.2603,40.2603,,,
pool_05.env,pool,05,3,0,pooled,19999.9942,19999.6706,20000.3178,15443.9560,15351.3169,15536.5952,0.0000,0.0000,0.0000,4.8551,4.7189,4.9913,3226.9138,3217.5378,3236.2898,0.3896,0.2813,0.4443,0.9835,0.9409,0.9967,1.4050,1.3807,1.4168,1.8201,1.7638,1.8738,4413.7469,3936.4367,4755.1148,18151.8938,18055.6758,18290.8399,19630.3788,19611.1352,19658.1680,19963.0379,19961.1135,19965.8168,4413.1666,3936.0566,4754.4557,18151.7629,18055.5040,18290.7556,19630.3526,19611.1008,19658.1511,19963.0353,19961.1101,19965.8151,,,,,,,,,,,,,0.4580,0.4580,0.4580,5635.5010,5635.5010,5635.5010,5635.0546,5635.0546,5635.0546,,,
pool_10.env,pool,10,3,0,pooled,19999.9979,19999.7446,20000.2511,19984.4780,19983.0359,19985.9201,0.0000,0.0000,0.0000,5.1904,5.0857,5.2952,3100.8717,3096.0995,3105.6439,0.3977,0.2764,0.4533,0.9686,0.9037,0.9923,1.3842,1.3015,1.4153,1.7636,1.5083,1.8646,26.3776,25.7232,26.7479,62.3590,54.6579,65.6608,165.5175,110.3910,249.2601,340.9536,253.1426,380.3209,25.9417,25.2515,26.4076,61.7743,53.7596,65.1799,165.0304,108.9393,248.8275,340.5830,252.3799,380.1974,,,,,,,,,,,,,0.4527,0.4527,0.4527,30.6122,30.6122,30.6122,30.1596,30.1596,30.1596,,,
pool_20.env,pool,20,3,0,pooled,20000.1676,19999.8481,20000.4870,19997.9853,19995.1362,20000.8345,0.0000,0.0000,0.0000,5.4133,5.3456,5.4811,3171.5515,3167.8822,3175.2207,0.3475,0.2845,0.4544,0.9615,0.9150,1.0037,1.3813,1.3240,1.4331,1.7622,1.4948,1.8931,39.5155,38.2204,41.0532,72.0958,71.0352,72.8011,94.2172,74.9364,111.5917,269.1440,121.0564,303.3229,39.0961,37.7202,40.6804,71.9449,70.8250,72.6766,93.6697,74.8828,110.8703,268.7308,120.4579,301.7908,,,,,,,,,,,,,0.4259,0.4259,0.4259,40.4494,40.4494,40.4494,40.0236,40.0236,40.0236,,,
pool_50.env,pool,50,3,0,pooled,20000.0052,19999.6916,20000.3188,19993.2082,19988.2364,19998.1799,0.0000,0.0000,0.0000,5.5199,5.2898,5.7501,3295.9083,3293.0583,3298.7582,0.3549,0.2874,0.4572,0.9392,0.9037,0.9762,1.3286,1.2564,1.3847,1.4956,1.4856,1.6829,81.2652,79.7470,82.9172,145.3014,144.9524,145.7583,180.6236,174.4982,188.5952,348.2485,322.4864,373.3555,80.8612,79.2707,82.5447,145.1281,144.7733,145.5925,179.2435,172.4001,187.9555,347.7652,321.8362,372.8637,,,,,,,,,,,,,0.4200,0.4200,0.4200,81.9313,81.9313,81.9313,81.5115,81.5115,81.5115,,,
reads_0000.env,reads,0000,3,0,pooled,19999.9499,19999.8520,20000.0479,19997.9090,19991.1834,20004.6347,0.0000,0.0000,0.0000,5.4831,5.4176,5.5486,3173.1441,3164.4087,3181.8795,0.2815,0.2800,0.2832,0.9141,0.9121,0.9171,1.3208,1.3085,1.3329,1.5981,1.4915,1.8757,40.9571,39.2201,42.1466,73.0386,72.1325,73.7028,122.2537,95.6024,153.3106,283.1022,266.4116,296.8905,40.5914,38.8606,41.7740,72.9092,71.9873,73.5880,121.6135,95.1551,152.7210,282.7956,266.1836,296.5433,,,,,,,,,,,,,0.3708,0.3708,0.3708,42.4653,42.4653,42.4653,42.0947,42.0947,42.0947,,,
reads_0020.env,reads,0020,3,0,pooled,19999.5943,19999.3586,19999.8301,19997.5122,19991.6418,20003.3826,12.6102,12.0590,13.1614,8.6460,8.5250,8.7671,3168.9305,3164.1885,3173.6725,0.4903,0.4122,0.5333,1.2412,1.1618,1.2906,1.7721,1.6490,1.8858,3.8514,3.7998,3.9160,42.9556,42.2367,43.8203,74.4534,73.0988,78.8996,158.2924,99.5346,198.2216,298.5523,279.8914,348.9007,42.4167,41.6591,43.3393,74.3016,72.9233,77.1101,157.6876,99.2753,197.5959,298.1145,279.4802,347.8565,329.1587,286.4261,360.0000,638.1392,496.5504,677.9605,796.2500,693.2576,1107.5000,1416.0417,744.3258,1460.7500,0.5563,0.5563,0.5563,45.3225,45.3225,45.3225,44.7662,44.7662,44.7662,349.3152,349.3152,349.3152
reads_0050.env,reads,0050,3,0,pooled,19999.7381,19999.6820,19999.7942,19999.1758,19984.2022,20014.1494,12.3471,12.0625,12.6317,8.7325,8.6205,8.8445,3178.7539,3170.7054,3186.8024,0.4499,0.4088,0.5171,1.2119,1.1569,1.2863,1.6994,1.5745,1.7887,3.6968,3.5219,3.8067,45.7194,42.0990,52.6094,84.9063,72.9594,98.8078,159.2437,93.8947,235.7319,331.8919,140.9746,354.9042,45.1982,41.6175,52.1050,83.7708,72.7799,98.5146,158.5954,93.2134,235.2836,330.8314,140.7739,354.4937,350.0898,343.2099,355.9585,697.0679,678.6184,734.6774,1416.8750,851.3636,2252.5000,2766.7500,985.1364,2925.2500,0.5268,0.5268,0.5268,48.4377,48.4377,48.4377,47.9110,47.9110,47.9110,383.8965,383.8965,383.8965
reads_0080.env,reads,0080,3,0,pooled,19999.5629,19999.5563,19999.5694,19993.3310,19981.7776,20004.8843,12.4584,12.2727,12.6442,8.7503,8.6832,8.8174,3177.6115,3171.6290,3183.5940,0.5058,0.4336,0.5550,1.2549,1.1558,1.2891,1.7655,1.6508,1.8438,3.6611,3.5416,3.7914,42.6954,42.3280,43.3844,74.6998,74.2664,79.6194,136.6987,101.8373,190.7780,347.9322,148.7726,380.5095,42.1486,41.7616,42.8875,74.5484,74.0633,78.5500,136.1591,100.5843,190.2386,347.4751,148.5418,380.3820,349.3694,346.1957,352.7778,707.8035,680.8219,732.3864,1429.0000,923.7500,1722.5000,2529.0000,1419.5000,2844.5000,0.5649,0.5649,0.5649,44.7781,44.7781,44.7781,44.2130,44.2130,44.2130,384.3539,384.3539,384.3539
reads_0100.env,reads,0100,3,0,pooled,19999.9505,19999.8276,20000.0735,20000.6105,19997.6996,20003.5214,12.4045,12.2225,12.5864,8.6287,8.5455,8.7119,3185.9411,3176.3138,3195.5684,0.4989,0.4105,0.5528,1.2412,1.1491,1.2980,1.7514,1.6813,1.8498,3.6379,3.2434,3.8369,43.0771,42.6695,43.7340,75.7731,74.7030,82.9581,169.5428,139.6645,237.2007,385.2718,286.0717,440.5585,42.5327,42.1077,43.2433,74.9324,74.5336,82.0085,168.8974,139.1227,236.6397,384.9055,285.6999,439.6030,339.9299,317.7596,358.0402,694.2857,669.0625,727.7778,1446.2500,1241.2500,1860.0000,2514.0000,1474.1250,2844.0000,0.5608,0.5608,0.5608,46.0162,46.0162,46.0162,45.4554,45.4554,45.4554,376.7388,376.7388,376.7388
