scenario,group,value,reps,msgs_s_mean,msgs_s_std,committed_s_mean,committed_s_std,req_p50_mean,req_p50_std,req_p95_mean,req_p95_std,req_p99_mean,req_p99_std,req_p999_mean,req_p999_std,e2e_p50_mean,e2e_p50_std,e2e_p95_mean,e2e_p95_std,e2e_p99_mean,e2e_p99_std,e2e_p999_mean,e2e_p999_std,db_p50_mean,db_p50_std,db_p95_mean,db_p95_std,db_p99_mean,db_p99_std,db_p999_mean,db_p999_std,cpu_cores_mean,cpu_cores_std,mem_mb_mean,mem_mb_std
timescale_batching_off.env,batching,off,3,19362.8748,330.0342,4186.1454,642.2620,1.1026,0.0128,2.1042,0.0116,3.6550,0.2337,9.4362,3.3674,6888.1969,1607.4144,22969.7221,493.7010,25254.1803,756.9433,26138.2701,359.5886,6889.8617,1606.2607,22969.7221,493.7010,25265.2300,746.8476,26142.4476,354.1745,6.8295,0.1384,640.9670,5.4751
timescale_batching_on.env,batching,on,3,19157.0158,73.9469,19153.7358,73.4004,1.0434,0.0260,1.9080,0.0345,2.9073,0.0569,6.2520,0.2542,25.3357,2.6003,66.6672,4.3444,115.8276,5.9009,185.6213,4.1244,24.2753,2.5699,65.4854,4.2655,114.4006,6.1244,183.1601,4.2848,6.2328,0.1247,581.6688,17.1643
timescale_batchsize_020.env,batchsize,020,3,19147.6603,106.8851,17106.4843,127.1923,1.0256,0.0489,1.8764,0.0597,2.8117,0.1600,6.4163,0.9589,1108.2984,418.2533,5424.6610,378.7880,7576.7605,490.6045,9140.1204,920.9352,1107.2410,417.8692,5430.6589,378.0418,7583.2825,474.9288,9138.8109,920.4216,6.4285,0.1213,549.4393,45.7962
timescale_batchsize_050.env,batchsize,050,3,19113.1744,33.7488,19107.3017,33.2962,1.0754,0.0386,1.8711,0.0698,2.7509,0.1278,5.4214,0.5777,19.7319,1.7768,58.7772,0.2755,104.2982,1.6499,179.5407,0.7249,18.7024,1.8190,57.5260,0.2687,102.3537,1.4797,177.0564,0.7035,6.0608,0.1555,584.8589,3.5200
timescale_batchsize_100.env,batchsize,100,3,19220.9012,56.3897,19217.7438,61.7224,0.9610,0.0853,1.8413,0.0837,2.6759,0.1270,5.2538,0.7974,31.3839,4.5652,110.8569,1.2040,160.7975,1.8664,199.3816,0.8086,30.3322,4.4629,109.6255,1.1403,158.9750,2.0554,197.7300,1.0718,5.5955,0.0676,586.0063,20.9370
timescale_batchsize_200.env,batchsize,200,3,19147.0951,50.0819,19125.3141,48.4229,1.0192,0.0585,1.8421,0.1054,2.6551,0.0597,4.3979,0.1632,101.2200,0.0801,191.7508,0.1520,199.6885,0.0000,203.4943,0.1614,99.5489,0.0786,191.4305,0.1490,199.3529,0.0000,203.3802,0.0000,4.8667,0.0978,595.9765,28.1117
timescale_batchsize_500.env,batchsize,500,3,19141.9262,30.2558,19117.4393,32.8608,0.9952,0.0620,1.8985,0.0301,2.6733,0.0664,4.2273,0.1686,103.0335,0.0000,195.4053,0.0000,203.3802,0.0000,203.4943,0.1614,103.0335,0.0000,191.5359,0.0000,199.9122,0.7910,203.3802,0.0000,4.8022,0.0593,590.5345,15.5275
timescale_batchto_0050.env,batchto,0050,3,19043.8816,76.1541,19040.6745,76.5401,1.0286,0.0896,1.8932,0.1393,2.5497,0.2347,4.6163,0.5148,27.7117,0.3428,50.7416,0.3447,53.8800,0.4068,65.8170,4.1717,26.6105,0.3617,49.6000,0.4383,52.6390,0.5001,64.3579,4.2528,5.3395,0.0933,597.4648,25.7601
timescale_batchto_0200.env,batchto,0200,3,19136.8474,42.0004,19129.6000,43.9393,1.0934,0.0660,1.9122,0.1256,2.6823,0.1010,4.7223,0.1430,16.3466,0.6803,57.2054,1.1425,102.4279,1.1200,178.0984,1.4872,15.2193,0.6350,55.9847,0.9882,100.3996,1.0979,175.0630,0.7665,5.9627,0.0932,576.6997,16.0043
timescale_batchto_0500.env,batchto,0500,3,19068.1073,67.8484,19063.4011,66.8634,1.0483,0.0379,1.8337,0.0711,2.5192,0.2323,5.0552,0.7153,18.6148,1.8527,54.6219,0.4328,82.7502,9.2398,152.4524,54.7855,17.5080,1.8958,53.5023,0.4013,81.2870,8.9484,150.4246,54.1634,5.7722,0.1560,564.2104,27.6726
timescale_batchto_1000.env,batchto,1000,3,18999.9029,216.4660,18997.7547,216.9008,0.9531,0.0338,1.8089,0.0394,2.5119,0.1424,4.5229,0.7406,17.6522,0.8913,55.9216,0.5538,94.0369,12.9735,210.5674,75.9057,16.5858,0.9501,54.8316,0.5603,92.4705,12.8961,208.1362,75.0472,5.7043,0.1745,596.0681,19.2675
timescale_load_p04.env,load,p04,3,3662.9566,9.6652,3662.0964,6.9586,2.3958,0.1042,3.8326,0.0512,4.2648,0.0156,6.6695,0.3328,104.8259,0.2163,195.4053,0.0000,203.3802,0.0000,207.4889,0.0000,102.2401,0.8925,192.0733,0.7600,200.0241,0.9493,203.9509,0.8070,1.1353,0.0051,267.5937,19.9387
timescale_load_p08.env,load,p08,3,7431.8922,7.5324,7429.2515,9.3824,1.4477,0.0350,2.9642,0.0769,3.5644,0.2752,5.5659,1.3579,37.3960,7.6294,119.9566,2.6784,137.4007,9.0513,172.0464,32.2201,35.7819,7.6003,118.1733,2.7718,135.7009,8.7379,169.8991,31.1511,2.2940,0.1360,348.8421,9.5091
timescale_load_p16.env,load,p16,3,14799.6426,275.2115,14798.0554,275.5318,1.0774,0.0269,1.9230,0.0737,2.5013,0.1058,3.8418,0.5714,23.0861,3.3655,64.7390,0.9979,87.7537,16.3002,130.9373,36.6726,21.9827,3.3343,63.5575,1.1020,86.0160,15.9775,129.3286,36.3225,4.5920,0.0355,492.6934,6.4864
timescale_load_p20.env,load,p20,3,19135.8657,6.1015,19126.2870,4.2361,1.0477,0.0474,1.8285,0.0452,2.5730,0.0094,4.7873,0.3214,18.6994,2.7192,60.5661,2.0239,105.5163,3.5673,179.7434,0.1321,17.6628,2.6581,59.4322,2.0300,103.8810,3.7180,176.9457,0.3770,5.9566,0.0375,594.4610,17.9877
timescale_load_p32.env,load,p32,3,31180.3181,38.6916,31192.8145,53.4424,1.0589,0.0923,2.3410,0.0993,5.4242,0.7742,16.3586,4.9243,16.3120,2.6396,138.2346,136.5572,289.4211,287.1577,415.9001,356.0013,15.1282,2.7211,137.0698,136.8564,287.7206,286.7663,413.7888,356.4099,8.2595,0.1284,805.4851,9.6576
timescale_load_p48.env,load,p48,3,47094.3569,115.6456,47073.3208,118.2005,2.1503,0.0710,28.2843,5.3680,82.1157,11.5454,155.1177,3.0085,20.8653,2.9148,87.5544,14.8830,167.9221,27.5954,263.8637,39.2161,17.2995,2.9069,65.4505,12.0594,122.0360,20.4801,215.9560,24.1488,9.6877,0.2390,1149.7922,18.9922
timescale_load_p64.env,load,p64,3,,,,,,,,,,,,,,,,,,,,,,,,,,,,,9.5826,0.3698,1376.3250,59.8312
timescale_payload_0.env,payload,0,3,19134.5422,116.8617,19130.1223,124.3312,1.0488,0.0493,1.8588,0.0785,2.4311,0.2189,4.0688,0.6427,36.8166,3.2112,166.3017,113.5538,373.6520,242.6550,517.0107,343.6511,35.7474,3.2634,164.8583,112.9867,372.2750,242.8512,515.7416,343.3515,6.0355,0.0656,597.6722,9.7518
timescale_payload_10kb.env,payload,10kb,3,11697.2471,100.9338,11695.2191,102.2248,221.5078,12.9313,546.9360,60.7754,702.8462,177.0403,758.8781,201.1877,248.4004,16.5219,574.2557,55.7908,733.2892,169.2190,797.7736,192.2928,19.2706,4.9914,73.7310,1.3059,110.0116,20.3510,159.4296,43.0737,7.9788,0.0565,591.7271,20.5752
timescale_payload_1kb.env,payload,1kb,3,19161.8124,45.6343,19164.1235,53.2484,0.7886,0.0311,1.3748,0.0652,2.2488,0.2818,5.7996,1.0683,24.8560,8.4958,118.4873,81.6676,225.6693,167.8778,335.8032,223.3263,24.0058,8.5149,117.5613,81.3861,224.1463,167.4142,335.1364,223.0248,6.8536,0.0687,570.5726,16.0024
timescale_payload_256b.env,payload,256b,3,19158.5652,64.2164,19163.1669,76.1259,0.7723,0.0305,1.2780,0.0149,1.7953,0.0419,3.7410,0.5727,28.1213,17.4794,296.1503,336.1795,429.8101,457.7440,548.6221,522.3523,27.4045,17.5766,295.6932,336.5028,429.6161,458.8821,547.4035,523.2146,6.5018,0.1445,543.4833,16.2027
timescale_pool_05.env,pool,05,3,19166.5471,35.6358,11875.8515,1586.0503,1.0134,0.0836,1.8614,0.1083,2.6051,0.2223,5.1936,0.2228,4775.2817,3378.6580,12270.1131,5529.3148,14235.4704,6073.0566,14910.4137,6198.8351,4768.4326,3373.4769,12260.8420,5510.7854,14257.6577,6052.3208,15014.9979,6190.0053,4.7979,0.1086,603.8317,19.0800
timescale_pool_10.env,pool,10,3,19177.2010,75.8629,18485.9058,169.8577,1.0703,0.0650,1.8875,0.0885,2.7112,0.0313,5.2774,0.1880,32.2188,12.3753,2040.9597,929.7791,3912.4851,1536.4268,4679.7932,1782.7988,31.2139,12.4350,2036.2273,931.1853,3913.5847,1538.3350,4676.6473,1782.3773,5.3423,0.0532,573.2520,9.3426
timescale_pool_20.env,pool,20,3,19071.9082,21.1577,19066.5871,22.5495,1.0740,0.0415,1.9385,0.0514,2.7679,0.1701,5.5522,1.4130,19.6315,2.6640,60.3738,1.3281,106.1534,2.4626,178.2143,1.1989,18.5088,2.7286,59.1119,1.3439,104.3545,2.2005,175.7315,0.4443,5.8203,0.1060,576.9390,19.9424
timescale_pool_50.env,pool,50,3,19114.9653,21.8282,19110.7979,20.4333,1.0900,0.0510,1.9390,0.1325,2.6472,0.2452,5.0639,1.0031,38.9046,0.9707,131.4923,0.6809,170.7354,4.2068,201.3755,0.0127,37.6905,1.1207,130.2786,0.9351,169.2471,3.7076,199.5966,0.4152,6.7257,0.0865,606.6557,6.4673
